{"cameraMode":{"drawMode":0,"name":"Shaded","section":"Shading Mode"},"sceneLighting":true,"audioPlay":false,"sceneViewState":{"m_AlwaysRefresh":false,"showFog":true,"showSkybox":true,"showFlares":true,"showImageEffects":true,"showParticleSystems":true,"showVisualEffectGraphs":true,"m_FxEnabled":true},"in2DMode":false,"pivot":{"x":-1.392695426940918,"y":5.559720039367676,"z":1.7095366716384888},"rotation":{"x":-0.0028184361290186645,"y":0.9201396107673645,"z":-0.3915364742279053,"w":-0.006624747533351183},"size":12.691964149475098,"orthographic":false}